{
  "version": 1,
  "author": "004Arthi",
  "editor": "wokwi",
  "parts": [
    { "type": "wokwi-esp32-devkit-v1", "id": "esp", "top": 0, "left": 0, "attrs": {} },
    {
      "type": "wokwi-led",
      "id": "led1",
      "top": -0.13,
      "left": -71.27,
      "attrs": { "color": "red" }
    },
    {
      "type": "wokwi-resistor",
      "id": "r1",
      "top": 91.42,
      "left": -75.47,
      "rotate": 90,
      "attrs": { "value": "220" }
    },
    {
      "type": "wokwi-hc-sr04",
      "id": "ultrasonic1",
      "top": 4.96,
      "left": -226.1,
      "rotate": 270,
      "attrs": {}
    },
    {
      "type": "wokwi-resistor",
      "id": "r2",
      "top": 41.15,
      "left": 116.4,
      "rotate": 90,
      "attrs": { "value": "3300" }
    },
    {
      "type": "wokwi-resistor",
      "id": "r3",
      "top": 126.48,
      "left": 123.73,
      "rotate": 90,
      "attrs": { "value": "6800" }
    },
    {
      "type": "wokwi-led",
      "id": "led2",
      "top": 51.87,
      "left": 182.87,
      "attrs": { "color": "blue" }
    },
    {
      "type": "wokwi-resistor",
      "id": "r4",
      "top": 129.15,
      "left": 185.07,
      "rotate": 90,
      "attrs": { "value": "220" }
    }
  ],
  "connections": [
    [ "esp:TX0", "$serialMonitor:RX", "", [] ],
    [ "esp:RX0", "$serialMonitor:TX", "", [] ],
    [ "r1:2", "esp:D2", "green", [ "v0" ] ],
    [ "led1:A", "r1:1", "green", [ "v0" ] ],
    [ "led1:C", "esp:GND.2", "green", [ "v0" ] ],
    [ "ultrasonic1:GND", "esp:GND.2", "black", [ "h30.94", "v124.21" ] ],
    [ "ultrasonic1:TRIG", "esp:D18", "green", [ "h27.61", "v-70.46", "h189.33", "v95.33" ] ],
    [ "ultrasonic1:VCC", "esp:VIN", "red", [ "h21.61", "v134.21" ] ],
    [ "led2:A", "r4:1", "green", [ "v0" ] ],
    [ "r3:2", "esp:GND.2", "green", [ "h0" ] ],
    [ "r2:2", "esp:D5", "green", [ "h-0.08", "v13.58" ] ],
    [ "r4:2", "esp:D4", "green", [ "h0.59", "v24.25", "h-104", "v-68" ] ],
    [ "r3:1", "r2:2", "green", [ "h0" ] ],
    [ "ultrasonic1:ECHO", "r2:1", "green", [ "h14.27", "v-71.79", "h218" ] ],
    [ "led2:C", "r3:2", "green", [ "v0" ] ]
  ],
  "dependencies": {}
}